{
  "y": "<:M_y:959057822132355122>",
  "m": "<a:m_:959057900234481675>",
  "x": "<:x_:959057973953581096>",
  "music": {
    "searching": "🔍",
    "play": "<a:playmusic:959665569005707334>",
    "playImg": "https://images-ext-1.discordapp.net/external/DkPCBVBHBDJC8xHHCF2G7-rJXnTwj_qs78udThL8Cy0/%3Fv%3D1/https/cdn.discordapp.com/emojis/859459305152708630.gif",
    "pause": "⏸️",
    "resume": "▶️",
    "skip": "⏭️",
    "queue": "📑",
    "stop": "⏹",
    "volume": "🔊",
    "loop": "🔂",
    "autoplay": "🔁",
    "shuffle": "🔀",
    "addrelatedsong": "<:M_y:959057822132355122>",
    "less10Sec": "⏪",
    "forward10Sec": "⏩",
    "negative10vol": "🔉",
    "plus10vol": "🔊"
  },
  "musicButtons": {
    "pause": "⏸️",
    "resume": "▶️",
    "skip": "⏭️",
    "queue": "📑",
    "lyrics": "📝",
    "stop": "⏹",
    "loop": "🔂",
    "autoplay": "🔁",
    "shuffle": "🔀",
    "less10Sec": "⏪",
    "forward10Sec": "⏩",
    "negative10vol": "🔉",
    "plus10vol": "🔊"
  },
  "giveaway": {
    "react": "<a:giveaway_react:959027250290888754>",
    "drop": "<a:giveaway_1:959023028841353297>"
  }
}